{
    "image-09599604-82254875-28128815-63496762-37337175.dcm": {
        "Atelectasis": 0.5175102949142456,
        "Consolidation": 0.5020341873168945,
        "Infiltration": 0.50682532787323,
        "Pneumothorax": 0.5005155801773071,
        "Edema": 0.08264688402414322,
        "Emphysema": 0.5009453296661377,
        "Fibrosis": 0.31129318475723267,
        "Effusion": 0.21513818204402924,
        "Pneumonia": 0.10813412070274353,
        "Pleural_Thickening": 0.2215031236410141,
        "Cardiomegaly": 0.3345643877983093,
        "Nodule": 0.5061433911323547,
        "Mass": 0.532520055770874,
        "Hernia": 0.17188052833080292,
        "Lung Lesion": 0.018434060737490654,
        "Fracture": 0.5248085260391235,
        "Lung Opacity": 0.5785051584243774,
        "Enlarged Cardiomediastinum": 0.5024051666259766
    },
    "image-15261899-16336799-16570287-29657437-32481398.dcm": {
        "Atelectasis": 0.10820826143026352,
        "Consolidation": 0.07359154522418976,
        "Infiltration": 0.5286509990692139,
        "Pneumothorax": 0.030612360686063766,
        "Edema": 0.0038531895261257887,
        "Emphysema": 0.020751815289258957,
        "Fibrosis": 0.08495864272117615,
        "Effusion": 0.03160110488533974,
        "Pneumonia": 0.004618050064891577,
        "Pleural_Thickening": 0.042448531836271286,
        "Cardiomegaly": 0.21898803114891052,
        "Nodule": 0.4212189018726349,
        "Mass": 0.1438397467136383,
        "Hernia": 0.0004796431167051196,
        "Lung Lesion": 0.01046252902597189,
        "Fracture": 0.16109542548656464,
        "Lung Opacity": 0.05661426857113838,
        "Enlarged Cardiomediastinum": 0.06395574659109116
    },
    "image-15908848-77237609-03232560-96641664-72033662.dcm": {
        "Atelectasis": 0.27853870391845703,
        "Consolidation": 0.5036743879318237,
        "Infiltration": 0.38528695702552795,
        "Pneumothorax": 0.5014407634735107,
        "Edema": 0.011872733943164349,
        "Emphysema": 0.5001375079154968,
        "Fibrosis": 0.501962423324585,
        "Effusion": 0.24573764204978943,
        "Pneumonia": 0.004021688364446163,
        "Pleural_Thickening": 0.5011644959449768,
        "Cardiomegaly": 0.07993907481431961,
        "Nodule": 0.46883711218833923,
        "Mass": 0.5534696578979492,
        "Hernia": 0.026984665542840958,
        "Lung Lesion": 0.003118856344372034,
        "Fracture": 0.5059138536453247,
        "Lung Opacity": 0.7038528919219971,
        "Enlarged Cardiomediastinum": 0.49410736560821533
    },
    "image-23691574-78007127-67077450-08256882-87395367.dcm": {
        "Atelectasis": 0.4594489336013794,
        "Consolidation": 0.5119838714599609,
        "Infiltration": 0.5200909376144409,
        "Pneumothorax": 0.5002479553222656,
        "Edema": 0.028902443125844002,
        "Emphysema": 0.4293540120124817,
        "Fibrosis": 0.5042321681976318,
        "Effusion": 0.4124939739704132,
        "Pneumonia": 0.0033250516280531883,
        "Pleural_Thickening": 0.4667918384075165,
        "Cardiomegaly": 0.3343307077884674,
        "Nodule": 0.5223361253738403,
        "Mass": 0.6009727120399475,
        "Hernia": 0.039256613701581955,
        "Lung Lesion": 0.01822087913751602,
        "Fracture": 0.5060235261917114,
        "Lung Opacity": 0.7981017231941223,
        "Enlarged Cardiomediastinum": 0.5038244724273682
    },
    "image-37893342-90788293-97674894-30563722-15937211.dcm": {
        "Atelectasis": 0.016029564663767815,
        "Consolidation": 0.06330512464046478,
        "Infiltration": 0.5006903409957886,
        "Pneumothorax": 0.10964485257863998,
        "Edema": 0.0004002155037596822,
        "Emphysema": 0.06811870634555817,
        "Fibrosis": 0.4067886173725128,
        "Effusion": 0.008557370863854885,
        "Pneumonia": 0.010688574984669685,
        "Pleural_Thickening": 0.1575290709733963,
        "Cardiomegaly": 0.0030624158680438995,
        "Nodule": 0.22959107160568237,
        "Mass": 0.02407314069569111,
        "Hernia": 0.00032691904925741255,
        "Lung Lesion": 0.0013973214663565159,
        "Fracture": 0.06604623049497604,
        "Lung Opacity": 0.04867861047387123,
        "Enlarged Cardiomediastinum": 0.01635577902197838
    },
    "image-43591434-24105909-95501830-31186664-56232345.dcm": {
        "Atelectasis": 0.15337516367435455,
        "Consolidation": 0.5194025039672852,
        "Infiltration": 0.5784430503845215,
        "Pneumothorax": 0.5025286674499512,
        "Edema": 0.24065762758255005,
        "Emphysema": 0.5052889585494995,
        "Fibrosis": 0.517194390296936,
        "Effusion": 0.20818161964416504,
        "Pneumonia": 0.42169368267059326,
        "Pleural_Thickening": 0.5043961405754089,
        "Cardiomegaly": 0.20268583297729492,
        "Nodule": 0.5085316896438599,
        "Mass": 0.5129914283752441,
        "Hernia": 0.005680044647306204,
        "Lung Lesion": 0.025851817801594734,
        "Fracture": 0.32929274439811707,
        "Lung Opacity": 0.8589417934417725,
        "Enlarged Cardiomediastinum": 0.5426950454711914
    },
    "image-49456968-50961677-93916823-30114741-97249659.dcm": {
        "Atelectasis": 0.15955285727977753,
        "Consolidation": 0.091922827064991,
        "Infiltration": 0.2758718729019165,
        "Pneumothorax": 0.2389436960220337,
        "Edema": 0.013350308872759342,
        "Emphysema": 0.5010994672775269,
        "Fibrosis": 0.5206528902053833,
        "Effusion": 0.05128750205039978,
        "Pneumonia": 0.020517630502581596,
        "Pleural_Thickening": 0.3371542990207672,
        "Cardiomegaly": 0.30284085869789124,
        "Nodule": 0.5020085573196411,
        "Mass": 0.22714939713478088,
        "Hernia": 0.009242378175258636,
        "Lung Lesion": 0.012699217535555363,
        "Fracture": 0.056229304522275925,
        "Lung Opacity": 0.15407483279705048,
        "Enlarged Cardiomediastinum": 0.07966262847185135
    },
    "image-75545339-55870039-51885816-92064157-98378507.dcm": {
        "Atelectasis": 0.11179367452859879,
        "Consolidation": 0.05699101462960243,
        "Infiltration": 0.2778325378894806,
        "Pneumothorax": 0.08478391170501709,
        "Edema": 5.776939360657707e-05,
        "Emphysema": 0.015488779172301292,
        "Fibrosis": 0.500524640083313,
        "Effusion": 0.011737039312720299,
        "Pneumonia": 0.00169239635579288,
        "Pleural_Thickening": 0.16117945313453674,
        "Cardiomegaly": 0.00027032638899981976,
        "Nodule": 0.17681048810482025,
        "Mass": 0.08874405920505524,
        "Hernia": 0.011449998244643211,
        "Lung Lesion": 0.0001063093077391386,
        "Fracture": 0.05170947313308716,
        "Lung Opacity": 0.04409416392445564,
        "Enlarged Cardiomediastinum": 0.0048243021592497826
    },
    "image-77089611-78785961-69826278-95000740-26294623.dcm": {
        "Atelectasis": 0.03217382729053497,
        "Consolidation": 0.07021141797304153,
        "Infiltration": 0.20840053260326385,
        "Pneumothorax": 0.09820834547281265,
        "Edema": 0.00011405729310354218,
        "Emphysema": 0.011497896164655685,
        "Fibrosis": 0.1795319765806198,
        "Effusion": 0.012032981030642986,
        "Pneumonia": 0.0002153816749341786,
        "Pleural_Thickening": 0.08072720468044281,
        "Cardiomegaly": 0.0014851170126348734,
        "Nodule": 0.20033161342144012,
        "Mass": 0.2106846570968628,
        "Hernia": 0.004599313251674175,
        "Lung Lesion": 7.41701151127927e-05,
        "Fracture": 0.06754845380783081,
        "Lung Opacity": 0.11273059248924255,
        "Enlarged Cardiomediastinum": 0.005950390361249447
    }
}